"name","age"
"Max",133
"Max",143
"Max",183
"Max",153
"Max",113
"Max",193
"Max",123
"Max",163
"Max",173
"Max",183
"Max",113
"Max",193
"Max",133
"Max",123
"Max",153
"Max",133
"Max",143
"Max",183
"Max",153
"Max",113
"Max",193
"Max",123
"Max",163
"Max",173
"Max",183
"Max",113
"Max",193
"Max",133
"Max",123
"Max",153"Max",133
"Max",143
"Max",183
"Max",153
"Max",113
"Max",193
"Max",123
"Max",163
"Max",173
"Max",183
"Max",113
"Max",193
"Max",133
"Max",123
"Max",153"Max",133
"Max",143
"Max",183
"Max",153
"Max",113
"Max",193
"Max",123
"Max",163
"Max",173
"Max",183
"Max",113
"Max",193
"Max",133
"Max",123
"Max",153"Max",133
"Max",143
"Max",183
"Max",153
"Max",113
"Max",193
"Max",123
"Max",163
"Max",173
"Max",183
"Max",113
"Max",193
"Max",133
"Max",123
"Max",153"Max",133
"Max",143
"Max",183
"Max",153
"Max",113
"Max",193
"Max",123
"Max",163
"Max",173
"Max",183
"Max",113
"Max",193
"Max",133
"Max",123
"Max",153"Max",133
"Max",143
"Max",183
"Max",153
"Max",113
"Max",193
"Max",123
"Max",163
"Max",173
"Max",183
"Max",113
"Max",193
"Max",133
"Max",123
"Max",153"Max",133
"Max",143
"Max",183
"Max",153
"Max",113
"Max",193
"Max",123
"Max",163
"Max",173
"Max",183
"Max",113
"Max",193
"Max",133
"Max",123
"Max",153